{"schemaVersion":"1.0","appDefinitionTemplate":{"id":"/providers/Microsoft.PowerApps/apps/","type":"Microsoft.PowerApps/apps","tags":{"primaryDeviceWidth":"640","primaryDeviceHeight":"1136","sienaVersion":"20210308T133342Z-3.21024.25.0","deviceCapabilities":"","supportsPortrait":"true","supportsLandscape":"false","primaryFormFactor":"Phone","publisherVersion":"3.21024.25","minimumRequiredApiVersion":"2.2.0","hasComponent":"false","hasUnlockedComponent":"false","isUnifiedRootApp":"false"},"properties":{"appVersion":"2021-03-08T13:33:42Z","lifeCycleId":"Published","createdByClientVersion":{"major":3,"minor":21024,"build":25,"revision":0,"majorRevision":0,"minorRevision":0},"minClientVersion":{"major":3,"minor":21024,"build":25,"revision":0,"majorRevision":0,"minorRevision":0},"backgroundColor":"rgba(0, 176, 240, 1)","backgroundImageUri":"/5568178716109216717/N405eb139-0308-418c-906b-cfb63280d2dd-logoSmallFile","displayName":"RamadanRiddlePowerApp","description":"","commitMessage":"","appUris":{"documentUri":{"value":"/5568178716109216717/N590af5f5-c461-4ec5-8655-b8ec912f6e8f-document.msapp"},"imageUris":[]},"createdTime":"0001-01-01T00:00:00Z","lastModifiedTime":"0001-01-01T00:00:00Z","sharedGroupsCount":0,"sharedUsersCount":0,"icons":{"smallIconUri":"/5568178716109216717/N7a6c9b83-779b-402d-8c64-fa98d051b592-small.png","mediumIconUri":"/5568178716109216717/N67d5df4a-38dd-4c8c-8307-9d6e30142214-medium.png","largeIconUri":"/5568178716109216717/N08b15646-95f6-43bb-90a1-836be291927d-large.png","wideIconUri":"/5568178716109216717/N43afe291-80bf-4827-9826-d76997746885-wide.png"},"connectionReferences":{"2735e6a2-31e3-4971-928e-7caaea1467c6":{"id":"f1080e8e-5be9-4669-a7fb-07b997e4fcc7","displayName":"SharePoint","iconUri":"https://connectoricons-prod.azureedge.net/releases/v1.0.1445/1.0.1445.2347/sharepointonline/icon.png","dataSources":["QnA"],"dependencies":[],"dependents":["6a84b424-7cf3-4ca7-906c-dc1935e72d97","a6daccd9-22d0-4beb-9f8a-e5310104c8ee"],"parameterHints":{},"isOnPremiseConnection":false,"bypassConsent":false,"dataSets":{"https://m365x695789.sharepoint.com/sites/RamadanApp":{"dataSources":{"QnA":{"tableName":"5b93e5e4-1234-46a4-9e0f-17a3ad38899e"}}}},"apiTier":"Standard","isCustomApiConnection":false},"6a84b424-7cf3-4ca7-906c-dc1935e72d97":{"id":"0a089dbb-89ca-4b44-ad8a-da9fc6751f46","displayName":"Logic flows","iconUri":"https://connectoricons-prod.azureedge.net/releases/v1.0.1438/1.0.1438.2324/logicflows/icon.png","dataSources":["RamadanPowerAppsFlow"],"dependencies":["2735e6a2-31e3-4971-928e-7caaea1467c6"],"dependents":[],"parameterHints":{"workflowName":{"value":"733a5606-473b-4ac9-a121-306197ea5e93"},"2735e6a2-31e3-4971-928e-7caaea1467c6":{"value":"shared_sharepointonline"}},"isOnPremiseConnection":false,"bypassConsent":false,"dataSets":{},"apiTier":"Standard","isCustomApiConnection":false,"actions":["Run"]},"a6daccd9-22d0-4beb-9f8a-e5310104c8ee":{"id":"0a089dbb-89ca-4b44-ad8a-da9fc6751f46","displayName":"Logic flows","iconUri":"https://connectoricons-prod.azureedge.net/releases/v1.0.1438/1.0.1438.2324/logicflows/icon.png","dataSources":["RamadanCheckUserAnswer"],"dependencies":["2735e6a2-31e3-4971-928e-7caaea1467c6"],"dependents":[],"parameterHints":{"workflowName":{"value":"6759080b-1134-4c35-863e-85d7cccd711b"},"2735e6a2-31e3-4971-928e-7caaea1467c6":{"value":"shared_sharepointonline_1"}},"isOnPremiseConnection":false,"bypassConsent":false,"dataSets":{},"apiTier":"Standard","isCustomApiConnection":false,"actions":["Run"]}},"databaseReferences":{},"almMode":"Environment","performanceOptimizationEnabled":true,"canConsumeAppPass":true,"executionRestrictions":{"isTeamsOnly":false,"dataLossPreventionEvaluationResult":{"status":"Compliant","lastEvaluationDate":"2020-12-22T14:06:37.6776158Z","violationDetails":[]}}},"isAppComponentLibrary":false,"appType":"ClassicCanvasApp","appComponents":[]}}