{"name":"17ac2101-43a8-4bbb-b37b-6ae417a2e3ea","id":"/providers/Microsoft.Flow/flows/17ac2101-43a8-4bbb-b37b-6ae417a2e3ea","type":"Microsoft.Flow/flows","properties":{"apiId":"/providers/Microsoft.PowerApps/apis/shared_logicflows","displayName":"RamadanCheckUserAnswer","definition":{"metadata":{"workflowEntityId":null,"flowclientsuspensionreason":"None","flowclientsuspensiontime":null,"creator":{"id":"89dde1d8-e3d5-482e-9595-19c066f5e682","type":"User","tenantId":"63936d84-2f02-4294-8c25-f57da11b1ed5"},"provisioningMethod":"FromDefinition","failureAlertSubscription":true,"clientLastModifiedTime":"2021-01-10T11:16:20.24834Z"},"$schema":"https://schema.management.azure.com/providers/Microsoft.Logic/schemas/2016-06-01/workflowdefinition.json#","contentVersion":"1.0.0.0","parameters":{"$connections":{"defaultValue":{},"type":"Object"},"$authentication":{"defaultValue":{},"type":"SecureObject"}},"triggers":{"manual":{"type":"Request","kind":"PowerApp","inputs":{"schema":{"type":"object","properties":{"Compose_Inputs":{"type":"any","description":"Inputs","x-ms-powerflows-param-ispartial":false}},"required":["Compose_Inputs"]}}}},"actions":{"Initialize_variable":{"runAfter":{"Initialize_variable_2":["Succeeded"]},"type":"InitializeVariable","inputs":{"variables":[{"name":"Exist","type":"boolean","value":false}]}},"Compose":{"runAfter":{"Initialize_variable":["Succeeded"]},"type":"Compose","inputs":"@triggerBody()['Compose_Inputs']"},"Parse_JSON":{"runAfter":{"Compose":["Succeeded"]},"type":"ParseJson","inputs":{"content":"@outputs('Compose')","schema":{"type":"array","items":{"type":"object","properties":{"Username":{"type":"string"}},"required":["Username"]}}}},"Apply_to_each":{"foreach":"@body('Parse_JSON')","actions":{"Get_items":{"runAfter":{},"type":"OpenApiConnection","inputs":{"host":{"apiId":"/providers/Microsoft.PowerApps/apis/shared_sharepointonline","connectionName":"shared_sharepointonline_1","operationId":"GetItems"},"parameters":{"dataset":"@variables('siteurl')","table":"@variables('listname')","$filter":"Title eq '@{items('Apply_to_each')['Username']}' "},"authentication":{"value":"@json(decodeBase64(triggerOutputs().headers['X-MS-APIM-Tokens']))['$ConnectionKey']","type":"Raw"}}},"Compose_2":{"runAfter":{"Get_items":["Succeeded"]},"type":"Compose","inputs":"@outputs('Get_items')?['body/value']"},"Apply_to_each_2":{"foreach":"@outputs('Get_items')?['body/value']","actions":{"Condition":{"actions":{"Set_variable":{"runAfter":{},"type":"SetVariable","inputs":{"name":"Exist","value":"@true"}}},"runAfter":{},"else":{"actions":{"Set_variable_2":{"runAfter":{},"type":"SetVariable","inputs":{"name":"Exist","value":"@false"}}}},"expression":{"equals":["@items('Apply_to_each_2')?['Date']","@variables('varDate')"]},"type":"If"}},"runAfter":{"Compose_2":["Succeeded"]},"type":"Foreach"}},"runAfter":{"Parse_JSON":["Succeeded"]},"type":"Foreach"},"Initialize_variable_2":{"runAfter":{"Initialize_listname":["Succeeded"]},"type":"InitializeVariable","inputs":{"variables":[{"name":"varDate","type":"string","value":"@{formatDateTime(utcNow(),'yyyy-MM-dd')}"}]}},"Respond_to_a_PowerApp_or_flow":{"runAfter":{"Apply_to_each":["Succeeded"]},"type":"Response","kind":"PowerApp","inputs":{"statusCode":200,"body":{"userexist":"@{variables('Exist')}"},"schema":{"type":"object","properties":{"userexist":{"title":"userExist","x-ms-dynamically-added":true,"type":"string"}}}}},"Initialize_SharePoint_URL":{"runAfter":{},"type":"InitializeVariable","inputs":{"variables":[{"name":"siteurl","type":"string","value":"https://m365x695789.sharepoint.com/sites/ramadanapp"}]}},"Initialize_listname":{"runAfter":{"Initialize_SharePoint_URL":["Succeeded"]},"type":"InitializeVariable","inputs":{"variables":[{"name":"listname","type":"string","value":"userPointsList"}]}}}},"connectionReferences":{"shared_sharepointonline_1":{"connectionName":"5e5a1dbea3ae4aa08442977c968d9917","source":"Invoker","id":"/providers/Microsoft.PowerApps/apis/shared_sharepointonline","tier":"NotSpecified"}},"flowFailureAlertSubscribed":false}}