{"name":"2a52b1bb-1043-46c7-a2d0-53476482d939","id":"/providers/Microsoft.Flow/flows/2a52b1bb-1043-46c7-a2d0-53476482d939","type":"Microsoft.Flow/flows","properties":{"apiId":"/providers/Microsoft.PowerApps/apis/shared_logicflows","displayName":"RamadanPowerApps Flow","definition":{"metadata":{"workflowEntityId":null,"flowclientsuspensionreason":"None","flowclientsuspensiontime":null,"creator":{"id":"89dde1d8-e3d5-482e-9595-19c066f5e682","type":"User","tenantId":"63936d84-2f02-4294-8c25-f57da11b1ed5"},"provisioningMethod":"FromDefinition","failureAlertSubscription":true,"clientLastModifiedTime":"2021-01-10T11:10:25.9329232Z"},"$schema":"https://schema.management.azure.com/providers/Microsoft.Logic/schemas/2016-06-01/workflowdefinition.json#","contentVersion":"1.0.0.0","parameters":{"$connections":{"defaultValue":{},"type":"Object"},"$authentication":{"defaultValue":{},"type":"SecureObject"}},"triggers":{"manual":{"type":"Request","kind":"PowerApp","inputs":{"schema":{"type":"object","properties":{"Compose_Inputs":{"type":"any","description":"Inputs","x-ms-powerflows-param-ispartial":false},"Compose_Inputs_1":{"type":"any"}},"required":["Compose_Inputs","Compose_Inputs_1"]}}}},"actions":{"Compose":{"runAfter":{"Initialize_variable_2":["Succeeded"]},"type":"Compose","inputs":"@triggerBody()['Compose_Inputs']"},"Parse_JSON":{"runAfter":{"Compose":["Succeeded"]},"type":"ParseJson","inputs":{"content":"@outputs('Compose')","schema":{"type":"array","items":{"type":"object","properties":{"Points":{"type":"string"},"Username":{"type":"string"}},"required":["Points","Username"]}}}},"Apply_to_each_2":{"foreach":"@body('Parse_JSON')","actions":{"Get_items_2":{"runAfter":{},"metadata":{"flowSystemMetadata":{"swaggerOperationId":"GetItems"}},"type":"ApiConnection","inputs":{"host":{"connection":{"name":"@json(decodeBase64(triggerOutputs().headers['X-MS-APIM-Tokens']))['$connections']['shared_sharepointonline']['connectionId']"},"api":{"runtimeUrl":"https://europe-002.azure-apim.net/apim/sharepointonline"}},"method":"get","path":"/datasets/@{encodeURIComponent(encodeURIComponent(variables('siteurl')))}/tables/@{encodeURIComponent(encodeURIComponent(variables('listname')))}/items","queries":{"$filter":"Title eq '@{items('Apply_to_each_2')['Username']}'"},"authentication":{"type":"Raw","value":"@json(decodeBase64(triggerOutputs().headers['X-MS-APIM-Tokens']))['$ConnectionKey']"}}},"Apply_to_each_4":{"foreach":"@body('Parse_JSON')","actions":{"Condition":{"actions":{"Create_item":{"runAfter":{},"metadata":{"flowSystemMetadata":{"swaggerOperationId":"PostItem"}},"type":"ApiConnection","inputs":{"host":{"connection":{"name":"@json(decodeBase64(triggerOutputs().headers['X-MS-APIM-Tokens']))['$connections']['shared_sharepointonline']['connectionId']"},"api":{"runtimeUrl":"https://europe-002.azure-apim.net/apim/sharepointonline"}},"method":"post","body":{"Title":"@items('Apply_to_each_4')['Username']","Date":"@{utcNow()}","Points":"@items('Apply_to_each_4')['Points']"},"path":"/datasets/@{encodeURIComponent(encodeURIComponent(variables('siteurl')))}/tables/@{encodeURIComponent(encodeURIComponent(variables('listname')))}/items","authentication":{"type":"Raw","value":"@json(decodeBase64(triggerOutputs().headers['X-MS-APIM-Tokens']))['$ConnectionKey']"}}}},"runAfter":{},"else":{"actions":{"Apply_to_each_3":{"foreach":"@body('Get_items_2')?['value']","actions":{"Compose_2":{"runAfter":{},"type":"Compose","inputs":"@items('Apply_to_each_3')?['Points']"},"Compose_3":{"runAfter":{"Compose_2":["Succeeded"]},"type":"Compose","inputs":"@items('Apply_to_each_2')['Points']"},"Update_item":{"runAfter":{"Compose_3":["Succeeded"]},"metadata":{"flowSystemMetadata":{"swaggerOperationId":"PatchItem"}},"type":"ApiConnection","inputs":{"host":{"connection":{"name":"@json(decodeBase64(triggerOutputs().headers['X-MS-APIM-Tokens']))['$connections']['shared_sharepointonline']['connectionId']"},"api":{"runtimeUrl":"https://europe-002.azure-apim.net/apim/sharepointonline"}},"method":"patch","body":{"Title":"@items('Apply_to_each_2')['Username']","Date":"@{utcNow()}","Points":"@add(int(outputs('Compose_3')),int(outputs('Compose_2')))"},"path":"/datasets/@{encodeURIComponent(encodeURIComponent('https://m365x695789.sharepoint.com/sites/RamadanApp'))}/tables/@{encodeURIComponent(encodeURIComponent('55e8004d-eeb4-4fea-97aa-398a2a947daf'))}/items/@{encodeURIComponent(items('Apply_to_each_3')?['ID'])}","authentication":{"type":"Raw","value":"@json(decodeBase64(triggerOutputs().headers['X-MS-APIM-Tokens']))['$ConnectionKey']"}}}},"runAfter":{},"type":"Foreach"}}},"expression":{"equals":["@length(body('Get_items_2')?['value'])",0]},"type":"If"}},"runAfter":{"Get_items_2":["Succeeded"]},"type":"Foreach"}},"runAfter":{"Parse_JSON":["Succeeded"]},"type":"Foreach"},"Initialize_variable":{"runAfter":{},"type":"InitializeVariable","inputs":{"variables":[{"name":"siteurl","type":"string","value":"https://m365x695789.sharepoint.com/sites/ramadanapp"}]}},"Initialize_variable_2":{"runAfter":{"Initialize_variable":["Succeeded"]},"type":"InitializeVariable","inputs":{"variables":[{"name":"listname","type":"string","value":"userPointsList"}]}}},"outputs":{},"description":"Click PowerApps button to start approvals for SharePoint list items, send email for approval and rejection of requests and update the SharePoint list item. The SharePoint list must have the columns: Title and DateSubmitted."},"connectionReferences":{"shared_sharepointonline":{"connectionName":"5e5a1dbea3ae4aa08442977c968d9917","source":"Invoker","id":"/providers/Microsoft.PowerApps/apis/shared_sharepointonline","tier":"NotSpecified"}},"flowFailureAlertSubscribed":false}}