{"schemaVersion":"1.0","appDefinitionTemplate":{"id":"/providers/Microsoft.PowerApps/apps/","type":"Microsoft.PowerApps/apps","tags":{"primaryDeviceWidth":"640","primaryDeviceHeight":"1136","sienaVersion":"20210131T104626Z-3.21013.19.0","deviceCapabilities":"","supportsPortrait":"true","supportsLandscape":"false","primaryFormFactor":"Phone","publisherVersion":"3.21013.19","minimumRequiredApiVersion":"2.2.0","hasComponent":"false","hasUnlockedComponent":"false","isUnifiedRootApp":"false"},"properties":{"appVersion":"2021-01-31T10:46:26Z","lifeCycleId":"Published","createdByClientVersion":{"major":3,"minor":21013,"build":19,"revision":0,"majorRevision":0,"minorRevision":0},"minClientVersion":{"major":3,"minor":21013,"build":19,"revision":0,"majorRevision":0,"minorRevision":0},"backgroundColor":"rgba(0, 176, 240, 1)","backgroundImageUri":"/5568178716109216717/N36426708-bccd-46b6-862c-7c6906842867-logoSmallFile","displayName":"RamadanRiddlePowerApp","description":"","commitMessage":"","appUris":{"documentUri":{"value":"/5568178716109216717/Nfc3c5cf9-afae-450c-92e0-ef617849ff09-document.msapp"},"imageUris":[]},"createdTime":"0001-01-01T00:00:00Z","lastModifiedTime":"0001-01-01T00:00:00Z","sharedGroupsCount":0,"sharedUsersCount":0,"icons":{"smallIconUri":"/5568178716109216717/N53fe8a25-5b06-42d5-97f4-d7552a73ba17-small.png","mediumIconUri":"/5568178716109216717/N716a81ee-e257-4f55-ba91-e32cf462d2a7-medium.png","largeIconUri":"/5568178716109216717/N7b68743d-2ec5-4c48-b7e8-aa478b804bc2-large.png","wideIconUri":"/5568178716109216717/N671ee3d3-33c4-454f-ace1-70b956a2da3f-wide.png"},"connectionReferences":{"a3bc3ca1-ad07-4dde-b544-bf14c2d2d580":{"id":"8048d3cb-1a4e-444d-90b4-fd73d15b96dc","displayName":"Excel","iconUri":"https://connectoricons-prod.azureedge.net/releases/v1.0.1411/1.0.1411.2206/excel/icon.png","dataSources":["Questions","Options","Responses","WelcomeNote"],"dependencies":["14381c2e-172c-4306-82b1-c9ea23bba97e"],"dependents":[],"parameterHints":{"14381c2e-172c-4306-82b1-c9ea23bba97e":{"value":"fileSource"}},"isOnPremiseConnection":false,"bypassConsent":false,"dataSets":{"b!z2u2-UzGX0Sc7J2sX7Gn3d3f8U4CDgJHjU6ue8ktDU_OH6Bgni-bT6VTyZH4NWt_.01WLIAIVL776FSGWGBNBE3UTTCINDXUERE":{"dataSources":{"Questions":{"tableName":"Questions"},"Options":{"tableName":"Options"},"Responses":{"tableName":"Responses"},"WelcomeNote":{"tableName":"WelcomeNote"}}}},"apiTier":"Standard","isCustomApiConnection":false},"14381c2e-172c-4306-82b1-c9ea23bba97e":{"id":"84d8cc59-4d46-42b0-90a9-c06e5d7e0549","displayName":"OneDrive for Business","iconUri":"https://connectoricons-prod.azureedge.net/releases/v1.0.1407/1.0.1407.2182/onedriveforbusiness/icon.png","dataSources":[],"dependencies":[],"dependents":["a3bc3ca1-ad07-4dde-b544-bf14c2d2d580"],"parameterHints":{},"isOnPremiseConnection":false,"bypassConsent":false,"dataSets":{},"apiTier":"Standard","isCustomApiConnection":false},"2735e6a2-31e3-4971-928e-7caaea1467c6":{"id":"f1080e8e-5be9-4669-a7fb-07b997e4fcc7","displayName":"SharePoint","iconUri":"https://connectoricons-prod.azureedge.net/releases/v1.0.1431/1.0.1431.2301/sharepointonline/icon.png","dataSources":["QnA"],"dependencies":[],"dependents":["6a84b424-7cf3-4ca7-906c-dc1935e72d97","a6daccd9-22d0-4beb-9f8a-e5310104c8ee"],"parameterHints":{},"isOnPremiseConnection":false,"bypassConsent":false,"dataSets":{"https://m365x695789.sharepoint.com/sites/RamadanApp":{"dataSources":{"QnA":{"tableName":"5b93e5e4-1234-46a4-9e0f-17a3ad38899e"}}}},"apiTier":"Standard","isCustomApiConnection":false},"6a84b424-7cf3-4ca7-906c-dc1935e72d97":{"id":"0a089dbb-89ca-4b44-ad8a-da9fc6751f46","displayName":"Logic flows","iconUri":"https://resourcestackdeploy.blob.core.windows.net/scripts/13276078.png","dataSources":["RamadanPowerAppsFlow"],"dependencies":["2735e6a2-31e3-4971-928e-7caaea1467c6"],"dependents":[],"parameterHints":{"workflowName":{"value":"733a5606-473b-4ac9-a121-306197ea5e93"},"2735e6a2-31e3-4971-928e-7caaea1467c6":{"value":"shared_sharepointonline"}},"isOnPremiseConnection":false,"bypassConsent":false,"dataSets":{},"apiTier":"Standard","isCustomApiConnection":false,"actions":["Run"]},"a6daccd9-22d0-4beb-9f8a-e5310104c8ee":{"id":"0a089dbb-89ca-4b44-ad8a-da9fc6751f46","displayName":"Logic flows","iconUri":"https://resourcestackdeploy.blob.core.windows.net/scripts/13276078.png","dataSources":["RamadanCheckUserAnswer"],"dependencies":["2735e6a2-31e3-4971-928e-7caaea1467c6"],"dependents":[],"parameterHints":{"workflowName":{"value":"6759080b-1134-4c35-863e-85d7cccd711b"},"2735e6a2-31e3-4971-928e-7caaea1467c6":{"value":"shared_sharepointonline_1"}},"isOnPremiseConnection":false,"bypassConsent":false,"dataSets":{},"apiTier":"Standard","isCustomApiConnection":false,"actions":["Run"]}},"databaseReferences":{},"almMode":"Environment","performanceOptimizationEnabled":true,"canConsumeAppPass":true,"executionRestrictions":{"isTeamsOnly":false,"dataLossPreventionEvaluationResult":{"status":"Compliant","lastEvaluationDate":"2020-12-22T14:06:37.6776158Z","violationDetails":[]}}},"isAppComponentLibrary":false,"appType":"ClassicCanvasApp","appComponents":[]}}